{"r_prediction_model": {"forecast": [8.552834817126971, 10.779112621459833, 12.440238981935591, 17.522993746292897, 23.80454779288697, 22.24369809471081, 13.276417853375284, 8.3122211196114, 9.353718332602664, 13.713685753089587, 19.18017860130987, 22.178956030461002, 19.72569043782974, 13.393514527880056, 8.53209732235589, 8.688278902551685, 13.24553980261359, 18.797008466024216, 21.328681592475462, 18.867663330070613, 13.193143230520596, 8.602065842463674, 8.46097370141364, 12.688721251957032, 18.025084219842775, 20.485657455543326, 18.247234797541573, 12.988641296835576, 8.622769927729195, 8.329994731818513], "actual_data": []}, "deep-learning_prediction_model": {"forecast": [1.6645424751053413, 1.6983386956218203, 1.6112563705235834, 1.6448516898226746, 1.6822224800613712, 1.6948612698868786, 1.6703990811382357, 1.6843705158139457, 1.6729906570363926, 1.6697495240060864, 1.6682923664274172, 1.6718331832755198, 1.6737251231209325, 1.6740379701954649, 1.673640820598638, 1.6733289263962239, 1.6726170522074155, 1.6723955622091495, 1.6725253815940027, 1.6727965078730054, 1.6729367084540678, 1.672959311099631, 1.672911480299619, 1.6728434855814724, 1.6727937983003285, 1.6727893780960035, 1.6728112874786984, 1.6728346918042671, 1.672845501459265, 1.6728445476879545], "actual_data": []}, "time-series_prediction_model": {"forecast": [2.357059538688868, 2.3614430420043977, 2.508720089696556, 2.458704694505367, 2.3294570656825844, 2.302434073832736, 2.241545018977275, 2.4778977273375746, 2.4908345998721364, 2.535235454758783, 2.4482687998341084, 2.4158926357077863, 2.386716303249227, 2.4051005920142243, 2.444812361979891, 2.4617016391426216, 2.460246287734485, 2.4340780773983335, 2.4213558547404186, 2.4160316892317932, 2.426661946187341, 2.4372383527898993, 2.4426709514496197, 2.439135704547732, 2.4317879759438186, 2.4274448101012482, 2.427564058222765, 2.4315006265256534, 2.434824171501255, 2.435888549139331], "actual_data": []}, "python_prediction_model": {"forecast": [26.68102417578925, 32.73713906145935, 22.408829917943454, 25.624028213846046, 38.28307732468164, 36.69878312927366, 31.434688261253022, 35.05696188462897, 34.94568540522817, 26.828171783511195, 23.308804303137098, 26.255404380469738, 28.230032288941256, 29.761598188679823, 33.55770662157677, 35.21130752645886, 32.327000455535895, 29.22325993072336, 28.44230438324304, 28.520614065677982, 29.171557928176078, 30.784210158572566, 31.695086140333178, 30.777160314486235, 29.49145204691892, 29.25588625440549, 29.83661810659955, 30.711493893935405, 31.50119622817041, 31.47354368720792], "actual_data": []}, "machine-learning_prediction_model": {"forecast": [3.1362623421377576, 3.6831917081508956, 4.193006450184163, 4.1554059743862055, 3.7429169404186946, 3.167567002986749, 2.871945511234745, 3.0934532793572402, 3.5745146892470387, 4.024951325041421, 4.009060053575282, 3.7943393762893627, 3.540312523240025, 3.4291687833587576, 3.51728120501006, 3.7185081888557217, 3.866995582705242, 3.864396310771486, 3.7381514531234092, 3.5979411953102916, 3.5406207255266025, 3.5799437256287683, 3.6676663446465074, 3.7320572514203283, 3.7310932643846417, 3.676943265374676, 3.6177379487141477, 3.5958502926210616, 3.6193788156747067, 3.663574076186908], "actual_data": []}, "scikit-learn_prediction_model": {"forecast": [1.6645340866096037, 1.4750405685641725, 1.4098521538079483, 1.5527873909063994, 1.716190332253271, 1.5629158723101244, 1.4166486065639046, 1.5386597364040104, 1.5587724559044147, 1.5239120402552544, 1.5480605491674104, 1.5668076106171713, 1.542727106886925, 1.5156407742194506, 1.528524183629095, 1.542610672501871, 1.5381252482933, 1.5389870079044834, 1.5420546573657703, 1.5377761853040834, 1.5331053344428511, 1.5348764193209639, 1.5383555586206041, 1.5384409753685857, 1.5378684654829997, 1.538012554096709, 1.5373107072694367, 1.5364887614162683, 1.5368132167280804, 1.5375683706460763], "actual_data": []}, "pandas_prediction_model": {"forecast": [10.67301206256206, 12.64188618312482, 13.871396171431819, 13.593381508162699, 16.43571926315893, 16.57016209218407, 12.215598503871815, 12.562887527354054, 15.149896154551376, 15.883806584502787, 15.264966755943123, 14.9948505019778, 13.888392506552501, 12.024132978201115, 12.21121360228065, 14.365719691848353, 16.037150152815926, 16.243294089144708, 15.447729302184875, 13.915989414384224, 12.410165819782648, 12.351148550743199, 13.874414360912752, 15.54079314301076, 16.117046538234323, 15.43456689989026, 13.992232112685944, 12.733954872669766, 12.651660926268459, 13.84523745763176], "actual_data": []}, "keras_prediction_model": {"forecast": [1.7300383282055938, 1.7952957617317904, 1.625579010630773, 1.6558315213796466, 1.6662651170275435, 1.6685964027697642, 1.6786958077765177, 1.6840078478309657, 1.7436617125664613, 1.7246387944352284, 1.7212562265405837, 1.7208353321030563, 1.7293712606149618, 1.729864924933946, 1.7299990383126125, 1.7296777871587976, 1.7283511725544967, 1.7235798406739127, 1.719003750153234, 1.718791155963852, 1.7198728302059978, 1.7205938423544243, 1.720643726334638, 1.7206003733672948, 1.7203739813476877, 1.7201796778467333, 1.7203962160314863, 1.7210924287216016, 1.721734204905166, 1.7219344315676306], "actual_data": []}, "tensorflow_prediction_model": {"forecast": [2.377880192423082, 2.182060892820841, 2.1943322613367466, 2.3765457203447053, 2.669819598485738, 2.7311654836092547, 2.35236740083619, 2.059608275670315, 2.1204394371818487, 2.2341149776147917, 2.4027986803230914, 2.5402084106783693, 2.5705952002840076, 2.475048371179582, 2.3506701851043283, 2.3164099969874234, 2.3831177923304607, 2.4666204740921955, 2.506905513890583, 2.497350451574146, 2.4460444810329647, 2.388026630509965, 2.364641105913213, 2.3874347210628923, 2.4287839537927507, 2.453145271654594, 2.4479379917656114, 2.424375319425392, 2.401479659911947, 2.394012243998275], "actual_data": []}, "regression_prediction_model": {"forecast": [3.517261516796352, 3.372341301098455, 3.1021039981057057, 3.6805312100464223, 4.0145901239472535, 3.9641315364017053, 3.667865300843312, 3.310804984363209, 3.1254146563807237, 3.4829882481920698, 3.568927573325044, 3.6401462443335575, 3.616160129261801, 3.4912246472485298, 3.4178071209531646, 3.4307570028423364, 3.4999450725599046, 3.5583490328757863, 3.5664223213006854, 3.5290939004037143, 3.498416294603832, 3.4841240137769027, 3.4955930860860325, 3.5194612691752614, 3.5326081974262102, 3.5289270385814366, 3.5158912741766835, 3.5058085981066585, 3.505079909520533, 3.511553735144682], "actual_data": []}}