{"dates": ["2014", "2015", "2016", "2017", "2018", "2019", "2020", "2021", "2022", "2023"], "quartile_25": [0.2645, 0.2665, 0.2683, 0.2701, 0.2719, 0.2717, 0.2746, 0.2763, 0.2757, 0.2667], "quartile_50": [0.2921, 0.2952, 0.2984, 0.3002, 0.3039, 0.3035, 0.3078, 0.3119, 0.3112, 0.3024], "quartile_75": [0.3329, 0.339, 0.342, 0.3456, 0.3537, 0.3544, 0.3625, 0.371275, 0.369625, 0.357]}